AF3_Mean,AF3_Std,F7_Mean,F7_Std,F3_Mean,F3_Std,FC5_Mean,FC5_Std,T7_Mean,T7_Std,P7_Mean,P7_Std,O1_Mean,O1_Std,O2_Mean,O2_Std,FC6_Mean,FC6_Std,F4_Mean,F4_Std,F8_Mean,F8_Std,AF4_Mean,AF4_Std,class
0.0101906068829,0.767878499799,0.00847744720385,0.39378231464,-0.0299108835638,0.0152570261314,0.0404939500741,0.191450188688,-0.0074763521605,0.117647408407,-0.0238565995435,0.141483814251,0.0138024928702,0.0234521502454,0.0245373347317,0.0267144178942,0.0259108735561,0.196636676759,0.0303358719116,-0.0317398481052,-0.0577200826177,0.298174033751,0.000162686935367,0.734965395606,0.0
0.00906715564552,0.491575064067,-0.0499823013623,0.125963838224,-0.0413262753427,0.898898610834,0.12733472875,0.846611258091,0.00978584880432,0.481013611479,0.0558066888151,0.417209355044,0.0779811951059,0.394899476103,0.0294437044898,0.404430469289,0.0182044846152,0.57328894482,0.049777563098,0.42693450304,0.0791769444615,0.0263762488082,0.0599250258366,0.571240331817,1.0
0.0533105134854,0.620838470815,-0.0205457063025,0.0483948814628,0.00649521741861,0.509915135876,-0.0327097282789,0.893590424187,0.0171229050272,0.30680339019,-0.114184212085,0.111725740111,-0.148792864082,0.09930961275,-0.107800335257,0.0697987190372,-0.0511494034975,0.0433303330777,-0.0779681558272,0.175353183113,-0.0766496555914,-0.0463205971532,-0.09582753803,0.155135643476,1.0
-0.114185607159,0.18521616918,-0.0464997551062,0.0852123985142,-0.0517684664102,0.240500555237,-0.114372107862,0.647710976819,-0.037958374461,0.21684006981,-0.0644592971779,0.129539252833,-0.0654669670267,0.138787418312,-0.0746193125334,0.101747885498,-0.0200161787489,0.0578620177274,-0.0481360094586,0.125265482439,-0.033260510018,-0.0776113684924,-0.0636176498948,0.236244049451,1.0
-0.299830630603,0.127579702523,-0.0385040889838,-0.0609914999078,-0.222527711912,0.0730987456232,-0.607244085298,0.172122220597,-0.147568604825,0.0933289089127,-0.08693161726,0.04350932659,-0.0625964807915,0.0550258582317,-0.10647971617,0.0406782378949,-0.104754091569,0.0567334480656,-0.218190576079,0.119758284794,-0.530522021252,0.27791793333,-0.0563865448129,0.0946065263285,0.0
-0.343191898362,0.0248560035745,-0.0747194866488,-0.094008643353,-0.0893667408618,-0.0387979647562,-0.216676173982,0.03367228981,-0.0443719791425,-0.0618193386104,-0.0842613429048,-0.0742138395788,-0.0188853346519,-0.0989504594891,-0.0195230066881,-0.0661276731831,0.0510286995627,0.0335730446953,-0.0293727313838,-0.0514685148915,-0.178883488726,0.0613080400552,0.12634186435,-0.0845991189985,0.0
0.0352477344212,0.850320573839,0.0390749498036,0.0756013402768,0.0339400772748,-0.0378649767036,-0.00449708864121,0.0582959826141,0.00453393056228,-0.0773943256285,0.0122510159502,-0.0173211344001,0.0628313313082,-0.0427879445515,0.0314999285808,-0.0377976941406,0.0302324797472,0.348667036343,0.0740829388117,-0.0656658515866,0.0720100792808,0.233563802082,0.00993106609239,0.26785879063,0.0
-0.187713162839,-0.0393780998492,-0.106401776913,-0.107593352364,-0.215289180319,-0.0307727169184,-0.100667625395,-0.0430862868461,-0.0986263444168,-0.0498063215149,-0.192627977639,0.0613188740929,-0.2888361321,0.0740162813859,-0.226686564667,0.0410355670095,-0.0804365389659,-0.041799965247,-0.295210600567,0.00129813287291,0.0462395795349,-0.126299165246,-0.194384741658,-0.132550636882,0.0
-0.433446472503,0.113036388071,-0.123327158083,0.0759464829859,-0.354267075541,0.235412053191,-0.371105108975,0.288268979997,-0.203548914736,0.150309512032,-0.435736565767,0.46165486939,-0.534653459081,0.366203214414,-0.52069700751,0.4565015068,-0.2214683073,0.520975084414,-0.47168343444,0.411640608875,-0.122750384962,0.100311323885,-0.415915174868,0.359859459577,1.0
0.104953162806,0.0685865292221,-0.0171873546376,0.0201226956885,0.037219475603,0.0512493871637,0.0686178824013,0.297202705338,0.0323303057033,0.0718361437458,0.130667489342,0.261136299766,0.127435387861,0.293332854574,0.168572180413,0.250292035658,0.00502882748417,0.664991594571,0.101621951006,0.243100255086,0.0343317563059,-0.0298135442519,0.0556237924849,0.232119520169,1.0
-0.0761314082855,0.188652283471,-0.0224059522666,-0.0306177226875,-0.0779694571096,-0.0136192286479,-0.0615566079876,0.585516115566,-0.0150218984372,0.0816327692805,-0.0916962335178,-0.0666022959789,-0.0931342784987,-0.048887744207,-0.0664054418512,0.0421264218423,-0.0248977314842,0.334418127617,-0.0798327777081,0.0925248931325,-0.109531181438,0.640994455818,-0.0742386443238,-0.0550011424359,0.0
-0.0635579566647,-0.0799177001492,-0.0190239135778,-0.118018680167,-0.0175060994636,-0.0711404433777,-0.0109301634736,-0.0702699770144,0.00261145306579,-0.0978257495635,-0.0535578996113,-0.075394044623,-0.0985148249105,-0.0157382685449,-0.0564427382146,-0.0715912072154,0.00827548004524,-0.0521374211755,0.0168714836062,-0.0964868290698,-0.0194246563101,-0.0806576638758,-0.0380242480615,-0.175810036283,1.0
0.0956977458911,0.649132074868,0.00390586275112,0.109110130468,0.0264670921914,0.211294714161,0.0730496415496,0.186132739066,-0.00940190092929,0.0708073515145,-0.013765788436,0.143273469697,0.0743008591357,0.250282206055,0.0481675191569,0.190168627974,0.0481371905558,0.234257301628,-0.0756183831667,0.0497291513024,-0.0728514345973,0.583726518155,-0.0333574951815,0.255596424272,0.0
-0.0528553003268,0.306280014382,-0.0428248949058,0.0836224102217,0.117855090084,0.342341670559,0.0312732609217,0.42303785288,-0.0191638714039,0.337562468372,-0.159783033568,0.880648751596,-0.149013304781,0.748737723438,-0.187578775082,0.887475403671,-0.0642653595608,0.416673472924,-0.203758495359,0.879556535437,0.150730186195,0.186733310961,-0.102638531993,0.381388139608,1.0
0.0737206534627,0.177787491079,0.0146981920566,-0.0285202555029,0.0136689885453,0.0159431327151,0.098586687995,0.101462219803,0.00762819333307,0.141696517632,0.00860339462084,0.342302805931,0.0211906070576,0.329436049366,0.023178161706,0.252203492561,-0.00485065640799,0.0740176765523,0.0418716050785,0.307866425648,-0.00229741099058,-0.00678865815733,0.025804083576,0.114241502736,1.0
0.169719190687,0.162225891576,-0.0256931346346,-0.0551614543974,0.221134822526,0.202304298088,0.361159382824,0.390233632095,0.0842884103547,0.187968412332,-0.0137172841172,0.0830315827652,-0.011544465151,0.0542082054214,-0.0218421823619,0.0846905688814,-0.0319822264356,-0.00772384589427,0.0473178289116,0.136512077491,0.469477978748,0.767496726016,0.0816244058976,0.0457944388389,0.0
-0.09969693502,0.147588367106,-0.0208950848775,-0.0819623419196,-0.0320936046429,-0.0366611687706,-0.0111119632732,0.0379590981901,-0.0184614866143,-0.0144450150861,-0.0617023288615,0.0345327870339,-0.0484412212247,-0.0482498690047,-0.021947464998,-0.0260095703004,0.0339459485511,-0.0389565803528,-0.0099458783547,-0.0202017640157,-0.0988389530456,0.375633720391,-0.0283489551973,-0.072326050509,0.0
-0.14118927652,0.0460076845637,-0.0147710591831,-0.0221416350009,-0.0613992232728,-0.051349758976,-0.126099910069,0.155396704869,-0.0846426193838,0.0592354118055,-0.279368873028,0.140062624709,-0.268866070862,0.104644286191,-0.2786999977,0.126656960825,-0.16999742458,0.223161777072,-0.273002189109,0.152785000265,-0.0196001805936,-0.0503050033386,-0.0420661975997,0.179022361885,1.0
-0.156821035384,-0.142305341393,-0.0173098681412,-0.13690382552,-0.3207137854,-0.0971791044039,-0.0535203306068,-0.0637207055418,0.108447769272,-0.104653679837,-0.250080462839,-0.0888840061656,-0.103039179504,-0.121503731095,-0.105008841813,-0.102587588884,0.7785316927,0.18451250376,-0.166382017549,-0.0950493356525,0.34410836679,-0.0567717072396,-0.105713185231,-0.257417876203,0.0
0.292754333954,0.356942417898,0.131740497731,0.22169337466,-0.124157928487,0.303104654933,0.392755914702,0.636038030762,-0.00457947244886,0.0512673863421,-0.0535252061313,0.217130572874,-0.0375783351563,0.196698279278,-0.0665873826502,0.131956966231,-0.142687804837,0.842351873427,0.136741303876,-0.00816857687871,0.309646928652,0.846758292958,0.17097425515,0.0229953524005,0.0
-0.0761459468504,0.0492455053664,-0.0216578178407,-0.0979682671525,-0.0220920525381,-0.0477743864903,-0.0262141862458,-0.0626326046526,-0.0184792979757,-0.0721137645225,-0.0321884443713,-0.0476127455498,-0.00604216469295,-0.086942459691,0.0435938589371,-0.0534436307289,0.0181549899141,0.00899021371461,-0.0429541659667,-0.0399663068081,-0.112315404057,0.0167539265387,-0.0482715764442,-0.00602168289349,0.0
0.0466844549471,0.100777075486,0.00621896192106,0.0816315091537,0.0811856282053,0.632508533645,0.0116140880744,0.274524916988,-0.0133130301273,0.0611904420284,0.14799394399,0.450217436786,0.131353309095,0.503323389811,0.128183603809,0.393485354068,0.0151448643362,0.448669297241,0.0860569092612,0.320670423282,0.0463971320647,0.0111383559934,0.0812246668763,0.294645877817,1.0
-0.000199426011219,0.0636345469052,-0.0305320019722,-0.0763203626322,-0.0564793586978,0.00453693327343,0.0127471868586,0.147500639656,0.0284973393637,-0.0291773563732,-0.08583795663,0.135812812771,-0.0640111246118,0.158929119235,-0.0847113212862,0.116283577484,-0.0218133761683,-0.0115995431572,-0.023896827666,0.0891483789843,-0.0417896208011,-0.0769878304118,-0.0463146050107,0.0753959354637,1.0
-0.0347871603001,0.0266969212485,-0.021162907001,-0.0723054327204,-0.0222141533944,-0.011588395166,-0.0145797110536,0.0678524263168,-0.0115674485357,-0.0254248296382,-0.0203320113987,0.155732642245,-0.0230647582835,0.14621531515,-0.0122068914257,0.130560155347,-0.018831059733,0.0150634460124,0.00564481116061,0.0964339220725,-0.0221354184583,-0.0933636784041,-0.0299608311012,0.0336023023369,1.0
-0.00594899211932,-0.0698067318268,-0.0186429430683,0.022019697362,-0.0249104003636,-0.0685344941275,-0.000947731418886,-0.0989712814291,0.000208544290946,-0.115915047258,-0.0140109585162,-0.104108905268,0.0507815934343,-0.0945619700316,0.0259277757983,-0.110645952674,0.00819286366985,-0.0936023164796,-0.0449967511352,-0.0851220873217,-0.0434339024888,-0.133577384306,0.00385786768806,-0.0815145099267,0.0
-0.00188389632201,-0.0895745028129,-0.0208454986433,-0.0886861674891,-0.0053667982773,-0.0742444091053,-0.00612783295704,-0.0979235357358,0.00114543821775,-0.114559265128,-0.00649295720035,-0.10195007821,-0.0234652177839,-0.075639809646,0.0101977693052,-0.108220836876,-0.0195530703219,-0.0839655687707,-0.0563997371657,-0.0794015098452,-0.0328262029752,-0.0546854632265,-0.0213026281938,-0.0679317545412,1.0
0.0098885327477,-0.0936602656985,-0.00741522299095,-0.123140088635,0.00855823397339,-0.0929044951308,0.00145348898965,-0.103554194419,-0.00240245421493,-0.118064708785,0.0459506957193,-0.0676153981087,0.0238425659054,-0.0816463227852,0.0160669824374,-0.100831054917,0.0178190298259,-0.0701865448607,-0.0279624509621,-0.113200619658,0.0110940322797,-0.125341222761,0.0202983893854,-0.184560255813,0.0
0.029390507575,-0.0808033713094,0.0232804386531,-0.11986421714,0.00255009619791,-0.0891852658634,-0.00509318365776,-0.10237735295,-0.00039472619117,-0.122639996469,-0.0669504725558,-0.0914138440331,-0.00717832128033,-0.11367267422,0.0041918166324,-0.110951168043,-0.0345048176467,-0.0521614436854,-0.0283635571636,-0.0999566817834,-0.0261991010806,-0.10069130029,-0.00131130817615,-0.131099224923,0.0
-0.0687607707973,-0.0858705320733,-0.00728985805583,-0.102675633253,-0.036590498013,-0.0767552861324,-0.0385577083244,-0.0797046570214,-0.0989082199354,0.0421049399233,-0.00220988092904,-0.05311817231,-0.0125365796091,-0.0729328536052,-0.0103715820639,-0.0577043820193,0.0129295730727,-0.0718451069658,-0.00844061475238,-0.0853141951448,-0.0129433314052,-0.134504673796,0.0118566405376,-0.104323656433,1.0
0.0272134450092,-0.0866763565538,-0.00748590561131,-0.108914348522,0.0390420698832,-0.0830381036567,0.0214586138775,-0.0793759144415,-0.00240422498586,0.0823400763301,0.0392421265555,-0.0838728152189,0.0533079985433,-0.0919296654918,0.0301948566802,-0.101493477948,0.0117316752218,-0.107045347705,-0.0195201091662,-0.0977952025074,-0.0205471861582,-0.108931168926,0.000127346887607,0.082351830384,1.0
-0.0230201929904,-0.120554147235,0.00322577776179,-0.120989109563,-0.0148864927465,-0.0792611717478,-0.00331270214404,-0.0833716317636,-0.00412125474165,-0.107319824901,-0.0169566543354,-0.0667465761206,-0.0048751885767,-0.0809624376862,0.00685123196121,-0.0942949417942,0.021019350926,-0.118184976127,-0.0441121345525,-0.109032951912,-0.0126455829941,-0.112355359938,-0.00758168528513,-0.115773161851,1.0
0.0126869158998,-0.0912084074487,0.00406841595131,-0.122831613084,0.00143533027611,-0.0820147507345,0.0101004971747,-0.0946055496413,0.00270371212051,-0.100835721047,0.0251211176159,-0.083682534098,0.0202919409055,-0.0989272563562,0.00644007612851,-0.10383680275,0.00910918243073,-0.0527935921039,-0.0370497659427,-0.0777767290232,-0.0388314867246,-0.0148324429722,0.00245935905606,-0.151177702783,0.0
-0.00606638040107,-0.112122357739,0.00346689042536,-0.124796851733,-0.0205487191019,-0.0829177655724,0.00144560881045,-0.0971116064294,-0.000505720294693,-0.114110506324,-0.00032306236744,-0.0907566704411,0.0040926716944,-0.0998892432719,-0.00725935351272,-0.107737730447,-0.0142241209326,-0.0703681688235,-0.0429465335918,-0.0963196558789,-0.00973056464883,-0.0903105292187,-0.0131725187761,-0.157144875668,0.0
0.0184016952284,-0.107456281342,-0.00827174853308,-0.126837857496,0.00339793565995,-0.0902652175375,-0.00106889471807,-0.0990596423336,-0.00350975916481,-0.118886425459,0.0230144164761,-0.0920001712588,0.0176599769678,-0.114559858295,0.00771305787184,-0.10987692689,-0.00641956375732,-0.110963475741,-0.0406666574583,-0.113011096396,-0.00390176974948,-0.127837279033,0.00776634040876,-0.179823184346,0.0
-0.0332125608196,-0.0858898125197,0.0168487110218,-0.06056031131,-0.0924479638334,-0.0428103593992,0.0482892840201,-0.0613196605696,0.118210628405,0.211796733811,-0.0248676348924,-0.0850584785745,-0.125273147545,-0.0222138680905,-0.0477820533991,-0.082535536847,-0.0783011500086,-0.0548017324314,-0.164440545197,0.0212800315158,0.0679496902441,-0.0542573560204,-0.184611885939,0.243671670798,1.0
0.111018865,-0.128030453781,0.0110327947836,-0.114520644899,-0.012652670865,-0.066355887711,0.00973618299378,-0.0711499708818,0.128506601228,0.259612838867,-0.0658227047398,-0.064080099848,-0.166171092767,-0.0455303461508,-0.0463984943299,-0.0909532298171,-0.0112188335689,-0.141771341404,-0.108611623266,-0.0676970575236,0.0778050201652,-0.0761443689315,-0.000458656536456,-0.162988107883,1.0
-0.0112077149282,-0.107102182864,0.00183562096284,-0.125250211138,0.000898706669025,-0.0694236121137,3.94765160426e-05,-0.0926272191226,0.0117946682847,-0.0989308134989,0.0187797646921,-0.04253768876,0.0312416032068,-0.0662246176529,0.0274413019492,-0.0781935803825,0.00634069297995,-0.0123223117507,-0.102314917554,-0.0387772806331,-0.0237145895291,-0.128151468966,0.00969046489659,-0.162722440544,0.0
-0.100239790047,-0.0643913282455,-0.0193237869626,-0.117335986726,0.0351481983723,-0.0524416331061,-0.00544925039232,-0.0692479836731,-0.206001669699,0.0530894208062,-0.0385285662998,-0.0505002500234,0.0731841694946,-0.00348567703979,0.0515326376946,-0.0572061872133,0.0225461977648,-0.102020539469,0.134201378636,0.0553986953402,-0.0821995629338,-0.0541361544023,0.0584353586181,0.00168929731773,1.0
0.0248002297809,-0.116852978959,-0.00397477227517,-0.125577388577,0.00895571326722,-0.0784501873067,0.00304312742462,-0.0932364449376,0.0173105119394,0.0639203501873,-0.0282324997304,-0.0480509686502,0.0119577718642,-0.0395625799434,-0.00174994037319,-0.0666684072684,0.00316401671038,-0.132485065179,-0.0518399709244,0.0674923463877,0.0119748611021,-0.0901401073391,-0.00951977667341,-0.199041027245,0.0
0.011611175783,-0.11934862757,0.00263956871029,-0.128481104086,0.0052639099162,-0.0820070482589,0.0122531809729,-0.0887790059756,0.00618551663629,-0.101011743514,0.0310916766194,-0.0569467510201,0.0390675988235,-0.0618962899657,0.0384085521999,-0.0910141691817,0.0135953521336,-0.0630173643561,-0.0924238530583,0.0636332365609,0.0795303991232,-0.0530163607635,0.000222879577676,-0.176865126633,0.0
-0.0198303110599,-0.0323474754986,0.0118811857624,-0.09688124046,0.00961244872758,-0.0598178587942,0.00939310146034,-0.0279090499558,-0.0533804741145,0.473888026249,0.0274288085417,-0.0477722859976,0.0483030825766,0.000184446030885,0.0062372770287,-0.0806362298138,-0.0113767524983,-0.106971909143,-0.00341438050635,-0.00938238947625,-0.0662038388016,0.124549203021,0.0458185063517,0.413474103171,1.0
0.0430921623492,-0.0932926856037,0.00619887894386,-0.117476676492,0.0186216129886,-0.0523451536751,0.00335114902714,-0.0479330648724,0.0239600430869,0.362821411443,0.0216847566122,-0.0233998780222,0.0131062291099,0.0415423738349,0.0164150345661,-0.0792472696574,-0.00438254448043,-0.121975153955,-0.0250024076109,0.0438966643203,0.0390222506224,-0.0105151015207,0.00579040446696,0.172161627661,1.0
0.0103239050498,-0.0699029828362,0.0152423636329,-0.108991410663,-0.0109240206455,-0.0485527390924,0.00298423596498,-0.064977376144,-0.0781263155921,0.774086170189,-0.250281031476,-0.00190654464557,0.0292879240585,-0.0364552917084,0.0157993409595,-0.070419921793,0.0142222585134,-0.0869229301257,-0.0368694663368,-0.0425302619155,-0.0196300019505,-0.0834886719062,0.00842143635647,-0.0657702266725,1.0
0.0428223556035,-0.109790654629,-6.71219179004e-05,-0.12490456291,-0.0075924725891,-0.0560013859954,0.0160466782353,-0.0934000770521,0.0750659918623,0.123020824294,0.0278250807669,-0.00604446193942,0.0350741309562,-0.00829206585529,0.029872057937,-0.057591361178,-0.00734123171425,-0.10111312733,-0.0280799728879,-0.0619716886029,-0.0297809670668,0.00299587669274,0.0162635526636,-0.155160239629,0.0
0.0222163021381,-0.119238191499,0.0155315667133,-0.13127472201,0.00427414571125,-0.0835847911533,0.00421028980827,-0.085809445086,-0.0123741369064,-0.0987300476503,0.0133910018738,-0.0675636008008,0.0283387892492,-0.0893330097808,0.0178554686847,-0.0945601771624,-0.00829735958483,-0.120209631934,-0.0470086848406,-0.107295423482,0.0225203084733,-0.114891241991,0.0143002854711,-0.188048774947,0.0
-0.0176257127985,-0.0525570733025,0.00200626585148,-0.121291886933,0.00777184277428,-0.063799817508,0.0244301834005,-0.0335331060235,-0.315740468101,0.875745879344,0.0264249128257,-0.0365104501314,0.0558529900017,-0.0566309388942,0.0336918915617,-0.0924652141233,-0.0170964848196,-0.00131969041815,0.0281036853062,-0.0450749877125,-0.0717865716288,-0.0391526765909,0.0367559897893,-0.118919183863,1.0
0.0832998723856,-0.130591760251,0.00536392384686,-0.133840669645,-0.0123263678802,-0.0327583484389,0.00390991696886,-0.0883591799816,0.684259531899,0.729417947608,-0.0076773037656,-0.00759156240283,-0.08480227722,0.0153391434661,-0.0472737003369,-0.0366262702466,0.0594947013843,-0.0598474634705,-0.073568774768,-0.0770998131438,0.108060931102,-0.118551043785,-0.00360973384251,-0.169748106861,0.0
-0.00414456972369,-0.0646712304324,0.00823152018329,-0.111504969154,0.0117194299348,-0.0289752052322,0.00448792726622,-0.076609186904,-0.12948440743,0.208420732089,0.0394663928549,-0.0490071105075,0.0535721343203,-0.0528179575115,0.0144062209469,-0.0772326005811,-0.026181383028,0.0545714646319,-0.0284423451924,-0.0375729759165,-0.0250933728101,-0.0816599972841,-0.0113447230217,-0.0809506043655,1.0
-0.0179397611948,-0.125186272447,-0.0702888817934,-0.13148053848,0.0225958760359,-0.0676595017707,-0.0145456988755,-0.0140989511848,0.00715183596154,-0.0629221783034,0.00655725033356,-0.11047535292,0.0160928732706,-0.124067610436,-0.00552372059347,-0.112524596329,0.000607624309981,-0.0708582158994,4.71114069699e-05,-0.0639918776089,-0.0483103311758,0.040848281615,-0.0954977399536,0.221514084583,1.0
0.00619674832731,-0.139505738336,-0.0165179830276,-0.125677775672,-0.0388146075089,-0.0785390457859,0.00581384194318,-0.103086961099,-0.00267029042638,-0.116488940269,0.0159162483569,-0.112387649333,0.0234734360533,-0.130462045672,0.0101268984426,-0.10913503192,0.00685900675312,-0.13401113819,0.0323753920715,-0.0847083953513,-0.000491894397979,-0.00190960189276,-0.0270194363085,-0.0193555049144,1.0
-0.00676119182128,-0.106203564641,-0.00811835598375,-0.117467331152,0.0282060459727,-0.0504904859314,-0.000787409692349,-0.065480165095,-0.000968081117761,-0.118782715898,0.00733005741484,-0.111779337284,0.0218049813466,-0.121487846855,0.0140087969129,-0.110504646552,-0.00090796456253,-0.15365720079,0.0318038380811,-0.101377063388,-0.00469712613976,-0.142400053037,0.00497495766699,-0.191348497473,0.0
0.0209675135121,-0.129025724824,-0.0168377065075,-0.127471476177,0.0350246569286,-0.0689248595283,0.00572876703033,-0.095567131767,-0.00269222746634,-0.12014757558,0.0205578615195,-0.110688692301,0.0235526099244,-0.120726186,0.00726527999483,-0.111596667805,-0.00296176348956,-0.156585237205,0.043852214719,-0.105779052506,-0.0071954412249,-0.144580996519,-0.00468724694276,-0.229356045725,0.0
0.00452071928315,-0.141675869576,-0.0097938543189,-0.133261571544,-0.0274764568294,-0.0901462694278,-0.013457449425,-0.0914868246414,-0.0029946790721,-0.121726029507,-0.0283255101135,-0.117541308213,0.0259027876861,-0.126540587821,0.021368959848,-0.108820378381,-0.00872374835616,-0.152120317636,0.0307243746992,-0.0924389518003,-0.059696180697,-0.0703986951812,-0.0682066442337,-0.12092304808,1.0
0.0034538876466,-0.101461302683,-0.00044251261681,-0.119454868681,-0.0357023165497,-0.0564421709199,5.12188637337e-05,-0.0881911682545,-0.00411434205745,-0.122252836426,0.00572544613852,-0.111948585102,0.024391677687,-0.12102449941,0.0121882351121,-0.110980856519,0.00114001393201,-0.145258410619,0.035074428582,-0.108537506316,-0.0178308668083,-0.121740771871,0.0110821641319,-0.230755863736,0.0
0.0166024311369,0.001828036367,0.00740449507438,-0.0876433149779,-0.0349183977818,-0.0343553406178,0.102874370049,0.0855093541763,0.00563322646788,-0.0679189240881,0.0205908882224,-0.0208894895366,0.0281445247874,-0.00764970364601,0.0207234330208,-0.0539587961784,-0.00350897795511,-0.092144964591,0.0293210370314,-0.0369624690594,-0.0212956060108,-0.130444559048,-0.00818195927757,-0.157469932275,0.0
-0.0291278368135,-0.109147971932,0.0128804907015,0.0295903026617,-0.0423382454915,-0.0644471141855,-0.0679786005474,0.0541238419901,-0.0170431672681,-0.0970157283719,0.0099570402701,-0.103039765232,0.0301358262266,-0.0982702960241,0.0277118509545,-0.0772271034938,-0.000399344090282,-0.0632003559647,0.0649072352771,0.0862978255582,-0.19858320251,0.00831648779084,-0.0704252962666,-0.159975306922,1.0
-0.00142454175107,-0.0819296692078,-0.0189402228165,-0.114951029899,-0.0130598063378,-0.0482982864132,-0.0104080442353,-0.0730079628908,-0.000103740528231,-0.105816224543,0.0125414781303,-0.0886501909414,0.00408155771349,-0.0940811950828,-0.000861133557337,-0.0944860462192,0.00470693591338,-0.129299203858,0.0073195741325,-0.0165293073415,0.0369472543812,-0.124540600595,0.0135628887607,-0.202044633993,0.0
0.0916393523302,-0.103713939386,0.123324962555,0.496360661828,0.0494860561267,-0.0545294850922,0.012388667551,-0.0961235638528,0.00657878928315,-0.114459166219,-0.00684264418669,-0.105634928588,0.00499590931577,-0.115563766549,0.0118417614971,-0.0923629330976,-0.00373716562209,-0.102910348627,0.0466244779533,-0.0631005611377,-0.0122274917731,-0.113835223469,0.0444124071672,-0.205111055936,0.0
6.89889433149e-05,-0.0332851916274,0.000557678223262,0.0310237698865,0.0118601082604,-0.0333715271328,0.00408177037509,-0.0825069902196,0.002339815746,-0.116483608895,0.011737642123,-0.104594030254,0.0216563901098,-0.119972958278,0.0163590891077,-0.0981380835538,0.00520814546949,-0.0978010911346,0.0451280097466,-0.0571988493796,-0.0401512995699,-0.0136724617617,0.00879175589626,-0.0911592005986,1.0
0.0314716815892,-0.0954571808133,-0.0193482753366,-0.123931516771,0.0122245843312,-0.0776870531175,-7.59806079779e-05,-0.103450191079,0.0151581503448,-0.113457339114,0.00999531714492,-0.113666876514,0.0184632124602,-0.13154813077,-0.00837032699527,-0.107828277096,-0.0162232498207,-0.129305745423,0.00315714621945,-0.0486628356891,0.101733243078,-0.0296078386063,0.0256882653938,-0.14337835274,1.0
-0.3889161179,0.145479000312,-0.0183267051987,-0.111616690317,0.00236630115193,-0.018160672906,-0.0303864693093,-0.083644669322,-0.0461109703363,-0.0827877791166,0.00597940798864,-0.0929151748259,0.00447931781826,-0.108968882589,0.0331932154345,-0.0570614749845,-0.0426792681348,0.0620203546268,0.0215661608036,0.0395506684232,-0.0700348542024,0.105540637923,-0.0266367720845,-0.10507707266,1.0
0.0510344657138,-0.135818016181,0.0177870488356,-0.118602061398,-0.0928133874001,-0.0769766611043,0.0182735737621,-0.0977941260376,0.0015640202141,-0.106019718236,0.0112903087895,-0.103111396275,0.0220253182348,-0.121141921144,0.042186692087,-0.0926855267873,0.00193271982965,-0.145760899896,0.0866174352377,-0.107187790003,-0.141350664474,-0.0290068580474,0.0165561071785,-0.241557620909,1.0
0.0334875811121,-0.0186946879274,-0.000355551895547,0.0207689634298,-0.0435430990145,0.0295855161536,-0.00824215773626,-0.0627894476662,-0.00109886637001,-0.0776004367464,0.0201777522756,-0.104612670767,0.0241495480136,-0.116294968802,0.0176504085933,-0.0986902443744,0.0124521275487,-0.131754587282,0.0328007175137,-0.0949200661,-0.0023083585749,-0.147437728213,0.00125889147922,-0.206380523091,0.0
-0.0347640203823,-0.0390470761726,-0.00234978881098,-0.108602885394,0.128314572484,-0.0170081326397,0.014031802089,-0.0860526294805,0.00357310567288,-0.102014735456,0.00891886758246,-0.107660199119,0.0146389798348,-0.121093545788,0.00226669046838,-0.102639456459,-0.0125661658904,-0.126781343125,0.0283565293514,-0.0998500254726,-0.0123033349048,-0.139149554322,0.00394522565775,-0.216422648616,0.0
0.0116034087187,-0.110150452158,-0.000327991447399,-0.131617303418,0.0861939849166,-0.0327378432633,0.00527517456595,-0.100017457981,0.0023501592099,-0.112862413274,0.0158579047509,-0.108258332619,0.019719123771,-0.126278651302,0.00982611886143,-0.0967188180026,0.0106616893708,-0.0976608876249,0.0330755423434,-0.0802332578267,-0.0352211323723,-0.0122210007258,0.0132212720831,-0.165897112075,1.0
0.0301558355177,-0.114095927321,0.0340246648233,-0.0898145347029,-0.0364406296988,-0.0148250330475,0.0104009516861,-0.0969956814012,-0.00314833294615,-0.108018043387,0.00165230187024,-0.106780683704,0.00653044009392,-0.113139070779,0.00564710410334,-0.0993720566731,-0.0126406351847,-0.105994829307,0.0454392668514,-0.101534394321,0.0193314874319,-0.150970917401,-0.00443193187598,-0.227551261534,0.0
-0.0156599470111,-0.124748110035,-0.0481145761628,-0.128199885353,0.0282917116956,-0.101101389166,-0.0247804493073,-0.104917662858,-0.014403303617,-0.0881191011704,0.0167604271509,-0.100825317462,0.0103363021049,-0.128205862196,0.00501317777712,-0.111092509488,-0.0448638643701,-0.157648126573,-0.00108663799179,-0.115558246776,-0.0213358710182,-0.152277561658,-0.0317390951443,-0.251244147684,1.0
-0.168373445549,-0.0623730868225,-0.0250528330349,-0.126056986702,0.039311740624,-0.0734209280264,0.0183379213599,-0.0949001774274,0.012482719009,-0.0957221832313,0.0326348540029,-0.0938019544602,0.0400845535591,-0.106360436047,0.0089627826508,-0.100656250545,-0.0124145961906,-0.129851288575,0.0454478405898,-0.0643127770418,0.0201098958412,-0.0525110016706,0.0701083516489,0.0585268167587,0.0
-0.28147382134,0.114209246074,0.0160117883443,-0.116019797,-0.0330894383748,0.0219161422453,0.0177158211317,-0.0916759885608,-0.00185309266694,-0.100845313459,-0.0236585247999,-0.103892858612,-0.0287709712646,-0.116802998009,-0.0189165734152,-0.105285991985,-0.0128180324814,-0.133798807405,0.0199745252438,-0.107195495275,-0.0236228411958,-0.153241707042,0.00574684103849,-0.220063457662,0.0
0.00324023355646,0.127821560259,0.0135633798445,-0.111833027024,0.0348475705766,-0.0358857718614,0.00767638672355,-0.0958859345716,0.00549611553759,-0.101922440971,0.015729035417,-0.106421670904,0.0191848142829,-0.115902657906,0.00736371086352,-0.105446540866,0.0023299708321,-0.139357524883,0.0368191979468,-0.10113573434,-0.0121078175995,-0.148669225686,0.01468435875,-0.21602327752,0.0
-0.0031074336737,-0.131617628492,0.00673541306079,-0.130827345638,-0.000918007696417,-0.0808451769763,0.00408470180956,-0.0982509646851,0.00787862947802,-0.109123590773,0.0174185268738,-0.113297762414,0.0356594278891,-0.125727439138,0.00898084785077,-0.0871414776027,-0.00847306741725,-0.109274623632,0.0255051998746,-0.0706830808353,-0.00774588204222,0.0224538893964,-0.0025018845311,-0.187289136979,1.0
0.0162902819629,-0.108790213915,-0.00359992398908,-0.125857747246,0.00133861289124,-0.0698047484332,0.0034723154089,-0.0926612440287,0.000537691147416,-0.103545003344,0.0147279977644,-0.113384500715,0.0227993194339,-0.123393742689,0.0135265829324,-0.099128861495,-0.00280945654145,-0.110340014475,0.0257924611392,-0.0766876414585,-0.00848719643429,-0.0199529414813,0.0836214487076,0.248019124618,1.0
0.0299384873886,-0.127241919496,0.00386898047828,-0.129319258995,0.0272364871852,-0.0952813094033,0.0037855136923,-0.100146385563,0.00676465313598,-0.121134677517,0.0595273667496,-0.113543812434,0.0430093402769,-0.123719951537,0.0296454697408,-0.102471099587,-0.00811806449327,-0.134745974383,0.0472088875168,-0.10142315262,-0.0125091542963,-0.128743175674,0.0210330468603,-0.222617813844,1.0
0.0497236681098,-0.125046163508,0.000588647515224,-0.122832669331,0.0256781395448,-0.0980004396068,-0.0174924091815,-0.106409575813,0.00135939443852,-0.124254120656,0.00315868599894,-0.118653610685,0.00676883283913,-0.126543158307,0.0119802146811,-0.102845866558,0.0473835547516,-0.0479986034272,0.017097819161,-0.120443464563,-0.021996501494,-0.147750962146,0.0233668849992,-0.222162854827,0.0
0.0784328342981,-0.0218834662613,0.0434923453025,0.0419539209582,0.00900026207946,-0.0108992082163,-0.00764594940826,-0.0477287580125,0.030566578363,-0.0629484751793,0.127367625019,0.0450386301108,0.0675366870863,0.0888534555014,0.0811998957542,0.0620012799411,-0.0139829331563,-0.013641630222,0.0904069678393,0.0571979010813,-0.0780286927051,-0.0733506180841,0.0705686557784,-0.0541885959386,0.0
-0.0445194567246,-0.0430196468533,-0.0172045471791,-0.114081608671,-0.0699017316909,-0.0133620694395,0.0120472250735,-0.0634729497744,0.000744622140199,-0.00122923303357,-0.0424793792419,0.0316752193891,0.00567288560544,0.0883190856964,-0.0282150597979,0.0310127942925,-0.0385214997344,0.0344978959447,-0.0164167939057,0.0272174535419,0.0115096231501,-0.0814556619846,-0.0384373958668,-0.0811703906273,1.0
-0.0188595167085,-0.12241551128,0.0100896560994,-0.13066878223,0.0805641000043,-0.0478391378567,0.00244436070177,-0.0801616418769,-0.0166510280365,-0.114666210849,-0.00263120243695,-0.090807222306,-0.0280061589121,-0.111220236712,-0.00965341285989,-0.089225944768,-0.00545754283161,-0.120569505319,-0.0132469908606,-0.104281825938,6.57164054292e-05,-0.0991495147924,-0.03788990812,-0.218366941091,1.0
0.0119284782941,-0.122357088831,0.00780723556234,-0.130499891853,-0.0156963885028,-0.0772970032928,0.00470730444706,-0.094168798663,-0.00105848331424,-0.119511965389,0.013267142156,-0.106810462568,0.0355085014568,-0.118314796686,0.00248909106489,-0.0955472697583,0.0538128382901,0.091100107771,0.0161436739612,-0.0983656388031,-0.055963275318,-0.0927177013057,0.0171411610523,-0.209247351646,0.0
0.0289156897321,-0.134080323368,-0.00276547606677,-0.132010992307,0.0282695982562,-0.0758269130101,0.00640988492292,-0.10015646662,0.00179567614514,-0.120582322587,0.0259442627898,-0.115681242591,0.0358902099466,-0.129696230955,0.0311259837184,-0.10201536725,0.0111047328946,0.0236233579839,0.0594201314261,-0.110558377681,-0.0342825924482,-0.0936576322592,0.0258559222212,-0.228688852767,1.0
0.0137952469457,-0.130404879906,0.0281968113151,-0.102312928676,-0.0347401252427,-0.0799202542922,0.00353867439022,-0.0998469455529,-0.00387233293256,-0.113153165904,-0.00995994805684,-0.0989411847452,-0.00224615947089,-0.100942141453,-0.0069396382939,-0.0835773979347,-0.0194488449762,-0.0646071430285,0.0165463721038,-0.11368422948,0.0119599900092,-0.100649175122,0.00414102423769,-0.22949126151,0.0
0.0346438493747,-0.118513102782,-0.00347200548647,-0.118985808036,0.0161207767529,-0.0743804041149,0.00648316280383,-0.0809883274557,0.00432833581761,-0.115459961529,0.0208645253534,-0.101437407638,0.040770734608,-0.112583155442,0.0275093740092,-0.0901173788449,-0.0417970845499,0.172722290547,0.0472473732259,-0.101828207856,-0.00630276835908,-0.0593861669619,0.0196520501068,-0.192579449192,1.0
0.0149312280054,-0.117762228156,0.0105273207119,-0.130117860967,0.0168153832843,-0.0866287106459,0.005575714515,-0.1022958015,0.00955931625866,-0.119844685549,0.0234256919042,-0.111620953083,0.0242855030263,-0.124386768718,0.0118170823513,-0.0973398804854,0.0307370216819,-0.10102033115,0.0296167613054,-0.094245816377,-0.00182581683674,-0.115423407549,0.0176077453709,-0.204431004521,1.0
0.00236705387879,-0.126157752709,-0.000909544328694,-0.127979252054,0.00620284172277,-0.0842521776143,0.00921910429683,-0.103479380745,-0.00286544798775,-0.115358625953,0.0161436987606,-0.112263416788,0.0321374965918,-0.124201990102,0.0120088484201,-0.0969991910218,-0.00735323337259,-0.120588917679,0.0347552572186,-0.111765598085,-0.00607636876552,-0.140487218814,0.002803596109,-0.2135790862,0.0
0.0113874158683,-0.122409120447,0.00945487991738,-0.126167112821,0.00614287461942,-0.0891897795585,0.00105956566366,-0.101699299626,0.000653153195491,-0.0629082510312,0.0169942770393,-0.111304289714,0.0157026573836,-0.125381040504,0.00879294661957,-0.0998279408702,-0.00265821359602,-0.0831517507246,0.0138934595364,-0.110817573566,-0.0178000285474,-0.143608393175,0.017915650533,-0.187426011554,0.0
0.00714199860557,-0.10684309393,-0.00821101414655,-0.0957523317841,0.00191762177579,-0.0678198864285,0.0378970801265,-0.0631114531053,-0.00542687453485,-0.105649721138,0.00477573219435,-0.0971665230435,-0.0136054914769,-0.0993196280229,-0.00101983310843,-0.0830069763037,-0.044483322401,0.113795573081,0.00709165747513,-0.087019311305,0.0132456482474,-0.109642284776,-0.00317295284571,-0.190241111928,0.0
0.011237030766,-0.116597416879,0.0130018999195,-0.122950769629,0.0160284386376,-0.0884744112607,0.0051713523846,-0.0990802351488,-0.00163397850269,-0.117273550234,0.014528000872,-0.112977108356,0.0261075578895,-0.12422341279,0.0148205481385,-0.0944857023223,0.0251772978025,-0.112337935165,0.0276655725806,-0.0969873174954,0.00406344433968,-0.138098041149,0.00744833700557,-0.195708424686,0.0
0.0166052788464,-0.110426964938,0.00333819306882,-0.127625912258,0.0191003693509,-0.0817904319475,0.0113128469894,-0.0997950625028,0.00525211141546,-0.083212829365,0.033023287706,-0.0873054317853,0.0426090753806,-0.0917423480716,0.0273178796378,-0.0791490751148,-0.00103597743215,-0.115421954435,0.0400594785166,-0.0953490253056,-0.0130073269933,-0.126750864954,0.015784563804,-0.196670421403,1.0
0.0505240618806,-0.121519135241,-0.0125366828964,-0.11027846946,0.034272832523,-0.0965889679833,-0.00295943840974,-0.0990898017805,-0.0090975975854,-0.121097763074,0.00259346199119,-0.115674752121,0.00772479789917,-0.123061926522,0.0153642878963,-0.0943232618396,0.00396823536412,-0.122725774864,0.0547283830388,-0.097084837677,0.00812418728493,-0.118605352755,0.0410579182408,-0.216200939707,1.0
0.013772700773,-0.118056947645,0.0134696266192,-0.11989538018,0.021668819581,-0.0806505673188,0.000854092672469,-0.10065620017,0.00429478957812,-0.112869639679,0.0173710973579,-0.115205188225,0.0124901909662,-0.125325213914,0.013199701062,-0.0972349658415,0.0187744577663,-0.0934436787875,0.0336105637206,-0.104987640143,-0.00606942239403,-0.124951691885,0.0142053196647,-0.214473889667,1.0
-0.00310555683788,-0.116460965909,0.00480250866316,-0.128326379305,-0.00321073708578,-0.0919608854941,0.00601525129737,-0.102612418191,-0.00152013818278,-0.110282586688,0.00710835606274,-0.112651840691,0.00972481259712,-0.119036788789,0.00119190203298,-0.0876155700999,0.000870660041288,-0.1013474764,0.0185495680066,-0.110007681148,-0.00372882682556,-0.136264148279,-0.00301570636982,-0.20260823054,0.0
0.0264274729949,-0.108539426917,0.00216975951257,-0.125822993794,0.0276627122761,-0.0760776271002,0.00470627461313,-0.0982835051211,0.00974759814826,-0.114817334583,0.0353590048725,-0.113633304557,0.0476131314839,-0.127280036124,0.0275669282005,-0.0938720639424,-0.0150576280919,-0.115212191577,0.0427422125451,-0.0944135096479,-0.0151108037455,-0.000402363515242,0.0151562613766,-0.192447273572,0.0
0.0128460545387,-0.121638188308,-0.0109592694519,-0.132999360297,0.00890977782715,-0.0901477253303,-0.000800843342716,-0.0988927827666,-0.00285815357951,-0.124101198711,0.00199484543785,-0.118532417843,-0.00320731461273,-0.123462108263,-0.00109405247717,-0.100026663765,0.00686925149492,-0.124518442179,0.0176474599527,-0.110006039448,0.0155499101512,-0.122588603533,0.0167957471914,-0.21254237729,1.0
0.0417114718514,-0.149679426161,0.0207179532768,-0.132718920988,0.0143407243409,-0.0945913351102,0.0258350104783,-0.104402744276,0.0105000735478,-0.12228209739,0.0411651693778,-0.119351248404,0.0386507645937,-0.125446330568,0.0162969495745,-0.102057001768,0.0103540795503,-0.146297873138,0.053544602786,-0.116235537858,-0.0172010696018,-0.14971146523,0.0305420696855,-0.244929338417,0.0
0.0225112009324,-0.119873335598,0.00483699448692,-0.129021598052,0.0321180915414,-0.0882246787139,0.0238017007039,-0.103225917731,0.00854755958774,-0.113821367655,0.026254001242,-0.105791869974,0.0226301883603,-0.115457303681,0.0120886853683,-0.0917622364033,0.0125736221379,-0.139455227187,0.0346925708342,-0.109409199801,0.00101483107958,-0.110047620553,0.0344693445994,-0.216357922359,1.0
0.0191794641473,-0.121759417143,0.0055231405549,-0.133090772605,0.00858791196168,-0.0859340996001,0.00497566877609,-0.0981709129366,0.00474230826511,-0.111345299789,0.024824702098,-0.11251331646,0.0329496636108,-0.120249917042,0.022694933357,-0.100697004542,0.00307693105198,-0.137407334987,0.0264644266024,-0.112756870673,-0.017060942077,-0.137356385313,0.00249759459143,-0.211875062647,1.0
-0.0148191728266,-0.120299192325,0.00751943256316,-0.134121221861,-0.0187678074101,-0.0845552871255,-0.00219967371886,-0.103140137604,0.00254445552163,-0.110166441962,0.00608882795452,-0.113345508598,0.0213251828501,-0.122456765135,0.00726294649584,-0.0961805292034,-0.00381441424562,-0.137547297255,0.0152187437969,-0.109617766672,-0.00102659736672,-0.141771846094,-0.00603966592467,-0.20089236585,0.0
-0.108233928816,-0.060007919433,-0.311276345062,0.580929967428,0.0203701721276,-0.0477985429584,-0.00367858427411,-0.0373980707604,0.0261669711639,-0.00886985713772,0.0589662714754,0.0158015295867,0.0106509261145,-0.00558682515609,0.0410994851948,0.607979440786,-0.0334500358709,0.0478245842673,0.0224002368188,0.0271955128037,-0.0259953845276,-0.103184259048,-0.0265253674221,0.159157007452,1.0
0.0771812943928,-0.0192404870113,-0.0476320776615,0.212683924378,0.0415257364504,0.00310717041299,0.00111584723953,-0.0356408369091,-0.0160332590776,-0.0360525116732,0.0191685031146,-0.00739960377026,0.0468206165188,-0.0422030196984,-0.0437392576627,0.0233359031934,0.0144671861877,-0.036055327288,0.0221315908792,0.00456576550177,0.00411841494521,-0.0769907891332,0.039124115588,0.056562191939,1.0
0.0391625226204,-0.10488977078,-0.028426202092,0.190247103882,0.0203975070389,-0.00961532427395,0.0093742718888,-0.0320699527512,0.0117029604045,-0.0776231688458,0.0140000877163,-0.0270948165553,0.0406591660249,-0.0613594146818,0.032509042483,0.0140176118588,-0.013999090951,-0.0447171772935,0.0212768912198,-0.0302706135248,-0.0189690516303,-0.106826443247,0.00938949528662,-0.0059520319562,1.0
0.0593690046891,-0.121165536122,0.00261722910546,-0.0789422607306,0.0492958861836,-0.0770961469032,-0.0708556757335,-0.106063427836,0.0265989695832,-0.118212020972,0.21002641411,-0.091045113168,0.0889471896236,-0.111926570008,-0.00242737883118,-0.083684357472,0.0362040787436,-0.108096489522,0.193999113995,-0.115809475054,0.0101702453359,-0.152030211497,0.0572227101131,-0.226049814572,0.0
0.140578484571,-0.0378464640687,0.0942343390786,0.0706852548653,0.0664176343483,-0.0188342720209,-0.0115264994002,-0.0718879718357,0.0139192119496,-0.0588996464069,0.2477892625,0.00889526797677,0.0714302835293,-0.00295953569958,0.0932969271388,0.0193188405052,0.0259932677406,-0.0439516784962,0.0503489914505,0.00109792869858,-0.0536776104681,-0.120264550192,0.0937385760687,-0.0855096400255,0.0
-0.102710663029,0.0497277425054,-0.118999193957,0.2693514042,-0.0246219150964,0.019735364997,-0.0579489090794,-0.00685001168475,-0.00356178270082,-0.0277570958164,-0.0764205983994,0.124933530034,-0.0900909123369,0.0600984565508,-0.0015579923578,0.0610858392027,-0.044503672905,0.0118377895463,0.0045299258938,-0.0125815295465,-0.0420287026477,-0.0378250869189,-0.0367835523152,0.00174474116972,0.0
0.00135126618089,0.0286540583186,-0.000259414098946,0.0882717850458,0.0207718911947,-0.0033113502577,-0.00565178397348,-0.0298728350967,-6.08049598771e-06,-0.0474951898655,0.0278839783454,0.0164803558163,0.0274482688918,-0.0141571685802,0.0219825938564,0.0417668763799,-0.00683926867617,0.0408032192514,0.000393781042602,-0.0361114115718,-0.0373638007758,0.0358400614788,0.0206796120283,-0.0954646544153,0.0
0.0102005424496,-0.0716450038207,-0.0962876993259,0.144998350525,-0.0641913810437,-0.0336371468333,0.0319132958237,0.0130744004815,-0.0443349345161,0.0386121447695,-0.0374486762447,-0.0682654837855,-0.0490069710439,-0.0800263224075,-0.0280141913442,-0.033449640101,-0.00471850953706,-0.112333015292,-0.0989701905329,-0.0647162712843,-0.00349823209106,-0.069270521292,-0.0669394176733,0.225099600246,1.0
0.0428729255262,-0.0538541764825,0.026881728904,0.16353265479,0.0434136554201,-0.0302346811431,0.00238155033654,0.0272707593656,0.0320435825869,0.0214416384531,0.0184981184909,-0.0740489605296,0.0520047399262,-0.0596156352525,0.0271526779604,-0.0257576108142,-0.0416371403922,-0.0806945996513,0.0255625072954,0.0163001915041,-0.00757473340361,-0.115186184937,0.0364271752621,0.335295564052,1.0
0.0364144932565,-0.0804213880187,0.0740831983357,0.0922493993401,0.0553622579472,-0.042540942454,-0.00879065429153,0.0206821276308,0.0313711965979,-0.0525396588969,0.1012238762,-0.0759957264252,0.0925234410285,-0.0647545529231,0.0521543222291,-0.0332027055821,0.063409531567,-0.048482980241,0.1001008629,0.039835181886,-0.00429799743847,-0.105145057624,0.059854761007,0.220075542173,1.0
0.0322052743313,0.108997327413,0.133980022073,0.157575111942,-0.12433359577,0.0637821747761,0.126610937968,0.0207776888325,-0.0114612952733,0.00756214536692,-0.0842118733346,0.447904337864,-0.125500613501,0.86845186923,-0.0924839113699,0.195820386894,-0.0802145102927,0.0732179267382,-0.0663273206769,0.208666500878,0.323192974857,0.652651225288,-0.0184923640251,0.225239553653,0.0
-0.0522624530957,0.286157230663,-0.0422926881442,0.642942806399,-0.0164174488859,0.403628341003,-0.0172145922054,0.0401404850725,-0.0177727867557,0.201917972325,0.00393839025518,0.534860993193,0.0225830711748,0.752942962383,-0.0349007624105,0.526195656597,-0.0322477965706,0.416846334955,-0.0489415113396,0.520634911484,-0.0101831548721,0.155713491633,0.021235384473,0.619823707404,0.0
0.0149866482774,-0.0769631571373,0.0106154018665,0.0154225100209,-0.000781309849589,-0.0393173763004,0.0199390092617,-0.0118861312141,0.00572869649824,0.000421470374033,0.0201645143417,-0.0593657627916,0.0156738853895,-0.0151623353579,0.00843958668591,-0.0037777937909,0.00097834334034,-0.0368127336179,0.0459125820793,-0.0190335336547,-0.00798570276549,-0.116218850035,-0.017459246179,0.468089673052,1.0
-0.0840900779143,0.0754052459486,-0.0516769965708,0.281502630301,-0.0611552173212,0.11709633497,-0.0308000422845,-0.0425910764171,-0.0107250500432,-0.0178974302115,-0.0412740251526,0.110380454634,-0.0287819354507,0.145503741548,-0.0546571808982,0.117952499386,-0.0323713957088,0.0776859099995,-0.0768591559907,0.112374272642,-0.0524688825723,0.299618422466,-0.015225109986,0.286977451819,0.0
0.180982062895,0.279652315617,0.185097916097,0.501959448101,0.233673271969,0.230012272382,0.0297588709741,0.0312583182821,0.0573845206186,0.0586496704436,0.158120982514,0.19762985877,0.131660463587,0.226189962316,0.170771915346,0.279044835854,0.0547996106295,0.326916074238,0.19171019879,0.229838354618,0.0802481496502,0.485288349377,0.177191861014,0.332370101453,0.0
-0.137332288863,0.127370830225,-0.292300751895,0.352883772002,-0.195702697757,0.0386739273843,0.00535055481957,-0.00996472016811,-0.0724569511962,-0.0411832593371,-0.133137587701,0.0218488109308,-0.219380989013,0.0478889348428,-0.139318907108,0.0810687389043,-0.0535565469177,-0.0385392198245,-0.146679288971,0.00381755630589,-0.104670447771,-0.0405583069698,-0.361605906351,0.404383311076,1.0
0.566553527497,0.351401437718,0.688723654938,0.86309617448,0.645732924459,0.36109838525,0.0975425602869,0.00827350798185,0.172987099857,0.157710192238,0.564263434233,0.456981792679,0.465346540919,0.499566428089,0.47930299249,0.440089838768,0.164526262133,0.367075291813,0.52831656556,0.405969472699,0.255729378188,0.394559731632,0.584084825132,0.742582123797,0.0
0.0220661784717,0.0951666086291,-0.10850579283,0.133866225008,-0.0640741059916,0.0943251373664,-0.00271980554566,-0.018286344627,-0.0318222536376,0.111644734803,-0.0466528434936,0.157861412926,-0.0556762836332,0.18394116342,-0.0542409476895,0.173152444371,-0.0389750396624,0.107659130295,-0.063960966868,0.104149371747,-0.0431862899949,0.0166584608552,-0.0597399316309,0.540283556478,1.0
0.101703586769,0.0475675886405,0.0598271914752,0.274936730867,0.076904507059,0.00254074415868,0.0304840029763,-0.0112268074351,0.0236628112316,-0.0480316463661,0.102305738947,0.0516103460362,0.0954665866802,0.0172583554141,0.0860448571189,0.0638045830153,0.0209840654235,-0.0223623002241,0.098540351928,0.0391858249952,0.00748190542288,-0.036971364583,0.0529922296487,0.34336473811,1.0
-0.0412814916689,0.114986381047,0.349921592442,0.521553115212,0.00880157704801,0.103620523557,-0.0437667891793,-0.022358674958,0.030466215313,-0.00962841828008,-0.0766624491536,0.213597260866,-0.344173061935,0.411051811635,-0.0732239198407,0.13337417078,0.0653103501971,0.129647246915,-0.0443247030098,0.15862151334,0.364248275367,0.790041212168,0.18829537265,0.696066314807,0.0
0.216844714864,-0.0459992942857,0.00832916108424,0.181545105587,0.0550929712525,-0.0232389475203,0.0173929037196,-0.0167764904784,0.0265222613388,-0.0892155420938,0.00347266070497,0.0160935808245,-0.0120115660615,0.0905136629957,0.0357005723549,0.0345532203749,0.0266394858075,-0.0821418968417,0.0634403348025,0.0119893123455,0.319561422191,0.236079680216,0.0935635835426,-0.0782813824195,0.0
0.0869442604705,0.0316906766531,-0.0691354184327,0.330751823348,-0.000226071429275,-0.0104049988111,0.0175587850053,0.017251687983,-0.00291365546775,0.00823416571066,0.0351024090137,0.0470084565794,0.0153585031365,-0.00439251767118,0.00542001610812,0.00685107062058,-0.00213133736022,-0.0731564958596,0.0270243441764,-0.00963629018155,-0.00390771571518,-0.0486377259323,-0.0335938851561,0.33219098866,1.0
-0.151025178713,0.489734525221,0.0944933864226,0.826211358536,0.0277170004749,0.331903349447,-0.0179741412604,0.110682322067,0.00510884097379,0.16652129854,0.0297123631129,0.419086217753,0.0895980473591,0.306976333999,0.0310138316952,0.398345681121,-0.00526545681139,0.330263771577,0.0193833327432,0.373932682539,-0.0872487977155,0.569669359925,0.0490558745795,0.472078940319,0.0
0.291198890891,-0.080420416978,-0.197442560461,0.0960560209947,0.1288706826,-0.0428171666434,0.0947948155185,-0.0704934359831,-0.00559696054422,-0.0810271095116,0.136455458008,-0.0610614040382,0.0517999893854,-0.100998266642,0.111336537369,-0.0353441643422,-0.00326019196355,-0.0974119177678,0.0214604546123,-0.0976036736799,-0.00439992080757,-0.0953715241404,-0.3600028224,0.518321190066,1.0
